{"cameraMode":{"drawMode":0,"name":"Shaded","section":"Shading Mode"},"sceneLighting":false,"audioPlay":false,"sceneViewState":{"m_AlwaysRefresh":false,"showFog":true,"showSkybox":false,"showFlares":true,"showImageEffects":true,"showParticleSystems":true,"showVisualEffectGraphs":true,"m_FxEnabled":true},"in2DMode":false,"pivot":{"x":2.145526647567749,"y":0.3200607895851135,"z":-7.517499923706055},"rotation":{"x":-0.017678607255220414,"y":0.9792576432228088,"z":-0.09815270453691483,"w":-0.17637835443019868},"size":0.7284553050994873,"orthographic":false}