{"cameraMode":{"drawMode":0,"name":"Shaded","section":"Shading Mode"},"sceneLighting":false,"audioPlay":false,"sceneViewState":{"m_AlwaysRefresh":false,"showFog":true,"showSkybox":false,"showFlares":true,"showImageEffects":true,"showParticleSystems":true,"showVisualEffectGraphs":true,"m_FxEnabled":true},"in2DMode":false,"pivot":{"x":0.3499999940395355,"y":0.4000000059604645,"z":-7.460000038146973},"rotation":{"x":0.2480960190296173,"y":-0.02761872485280037,"z":0.006990282796323299,"w":0.9683446288108826},"size":0.19256354868412019,"orthographic":false}