{"cameraMode":{"drawMode":0,"name":"Shaded","section":"Shading Mode"},"sceneLighting":false,"audioPlay":false,"sceneViewState":{"m_AlwaysRefresh":false,"showFog":true,"showSkybox":false,"showFlares":true,"showImageEffects":true,"showParticleSystems":true,"showVisualEffectGraphs":true,"m_FxEnabled":true},"in2DMode":false,"pivot":{"x":4.900000095367432,"y":0.39770597219467165,"z":-6.309939861297607},"rotation":{"x":0.32675933837890627,"y":-0.04819381237030029,"z":0.01659807190299034,"w":0.9437607526779175},"size":0.256716251373291,"orthographic":false}