{"cameraMode":{"drawMode":0,"name":"Shaded","section":"Shading Mode"},"sceneLighting":true,"audioPlay":false,"sceneViewState":{"m_AlwaysRefresh":false,"showFog":true,"showSkybox":true,"showFlares":true,"showImageEffects":true,"showParticleSystems":true,"showVisualEffectGraphs":true,"m_FxEnabled":true},"in2DMode":false,"pivot":{"x":0.41713497042655947,"y":-2.982856273651123,"z":1.9942810535430909},"rotation":{"x":-0.3045513331890106,"y":-0.049413006752729419,"z":0.015822235494852067,"w":-0.951083779335022},"size":9.280911445617676,"orthographic":false}