{"cameraMode":{"drawMode":0,"name":"Shaded","section":"Shading Mode"},"sceneLighting":false,"audioPlay":false,"sceneViewState":{"m_AlwaysRefresh":false,"showFog":false,"showSkybox":false,"showFlares":false,"showImageEffects":false,"showParticleSystems":false,"showVisualEffectGraphs":true,"m_FxEnabled":true},"in2DMode":false,"pivot":{"x":0.001144707202911377,"y":0.3592796325683594,"z":0.023627206683158876},"rotation":{"x":0.004733282141387463,"y":0.9931871294975281,"z":-0.10799437761306763,"w":0.043530531227588657},"size":0.7422775030136108,"orthographic":false}