{"cameraMode":{"drawMode":0,"name":"Shaded","section":"Shading Mode"},"sceneLighting":false,"audioPlay":false,"sceneViewState":{"m_AlwaysRefresh":false,"showFog":false,"showSkybox":false,"showFlares":false,"showImageEffects":false,"showParticleSystems":false,"showVisualEffectGraphs":true,"m_FxEnabled":true},"in2DMode":false,"pivot":{"x":0.0005897283554077148,"y":0.358933687210083,"z":0.016719870269298555},"rotation":{"x":-0.2742106020450592,"y":0.017891449853777887,"z":-0.005030290689319372,"w":-0.9615179896354675},"size":0.45798757672309878,"orthographic":false}